id,image_link,user_id,created_date,insta_filter_used,photo_type,year,month,day,hour,name,created_time,private_public,post_count,verified_status,photo,likes,photo_id,comments,followee,followers,hashtags,engagement,likes_per_follower,comments_per_follower,engagement_rate
1,http://elijah.biz,1,2023-04-13 08:04:00,yes,photo,2023,April,Thursday,8,Kenton_Kirlin,18:22:00,yes,11,no,1,25,1,25,1,77,5.0,50,0.3205128205128205,0.3205128205128205,0.6410256410256411
2,https://shanon.org,1,2023-04-13 08:04:00,no,photo,2023,April,Thursday,8,Kenton_Kirlin,18:22:00,yes,11,no,2,36,2,31,1,77,4.0,67,0.4615384615384615,0.3974358974358974,0.8589743589743589
3,http://vicky.biz,1,2023-04-13 08:04:00,no,photo,2023,April,Thursday,8,Kenton_Kirlin,18:22:00,yes,11,no,3,38,3,27,1,77,1.0,65,0.4871794871794871,0.3461538461538461,0.8333333333333334
4,http://oleta.net,1,2023-04-13 08:04:00,no,photo,2023,April,Thursday,8,Kenton_Kirlin,18:22:00,yes,11,no,4,38,4,32,1,77,4.0,70,0.4871794871794871,0.4102564102564102,0.8974358974358975
5,https://jennings.biz,1,2023-04-13 08:04:00,yes,photo,2023,April,Thursday,8,Kenton_Kirlin,18:22:00,yes,11,no,5,31,5,27,1,77,4.0,58,0.3974358974358974,0.3461538461538461,0.7435897435897436
6,https://quinn.biz,2,2023-04-13 08:04:00,yes,photo,2023,April,Thursday,8,Andre_Purdy85,17:11:00,no,7,no,6,31,6,29,2,76,4.0,60,0.4025974025974026,0.3766233766233766,0.7792207792207793
7,https://selina.name,2,2023-04-13 08:04:00,yes,photo,2023,April,Thursday,8,Andre_Purdy85,17:11:00,no,7,no,7,38,7,27,2,76,4.0,65,0.4935064935064935,0.3506493506493506,0.8441558441558441
8,http://malvina.org,2,2023-04-13 08:04:00,yes,photo,2023,April,Thursday,8,Andre_Purdy85,17:11:00,no,7,no,8,27,8,38,2,76,4.0,65,0.3506493506493506,0.4935064935064935,0.8441558441558441
9,https://branson.biz,2,2023-04-13 08:04:00,no,photo,2023,April,Thursday,8,Andre_Purdy85,17:11:00,no,7,no,9,31,9,25,2,76,1.0,56,0.4025974025974026,0.3246753246753247,0.7272727272727273
10,https://elenor.name,3,2023-04-13 08:04:00,yes,photo,2023,April,Thursday,8,Harley_Lind18,11:12:00,no,2,no,10,30,10,24,3,76,1.0,54,0.3896103896103896,0.3116883116883117,0.7012987012987013
11,https://marcelino.com,3,2023-04-13 08:04:00,no,video,2023,April,Thursday,8,Harley_Lind18,11:12:00,no,2,no,11,33,11,27,3,76,3.0,60,0.4285714285714285,0.3506493506493506,0.7792207792207793
12,http://felicity.name,3,2023-04-13 08:04:00,no,photo,2023,April,Thursday,8,Harley_Lind18,11:12:00,no,2,no,12,29,12,27,3,76,1.0,56,0.3766233766233766,0.3506493506493506,0.7272727272727273
13,https://fred.com,3,2023-04-13 08:04:00,no,photo,2023,April,Thursday,8,Harley_Lind18,11:12:00,no,2,no,13,40,13,39,3,76,2.0,79,0.5194805194805194,0.5064935064935064,1.025974025974026
14,https://gerhard.biz,4,2023-04-13 08:04:00,yes,photo,2023,April,Thursday,8,Arely_Bogan63,01:28:00,yes,1,no,14,35,14,27,4,76,2.0,62,0.4545454545454545,0.3506493506493506,0.8051948051948052
15,https://sherwood.net,4,2023-04-13 08:04:00,yes,photo,2023,April,Thursday,8,Arely_Bogan63,01:28:00,yes,1,no,15,34,15,28,4,76,0.0,62,0.4415584415584415,0.3636363636363636,0.8051948051948052
16,https://maudie.org,4,2023-04-13 08:04:00,yes,photo,2023,April,Thursday,8,Arely_Bogan63,01:28:00,yes,1,no,16,37,16,22,4,76,0.0,59,0.4805194805194805,0.2857142857142857,0.7662337662337663
17,http://annamae.name,6,2023-04-13 08:04:00,yes,photo,2023,April,Thursday,8,Travon.Waters,13:26:00,no,14,no,17,36,17,23,6,76,3.0,59,0.4675324675324675,0.2987012987012987,0.7662337662337663
18,https://mac.org,6,2023-04-13 08:04:00,no,photo,2023,April,Thursday,8,Travon.Waters,13:26:00,no,14,no,18,31,18,27,6,76,0.0,58,0.4025974025974026,0.3506493506493506,0.7532467532467533
19,http://miracle.info,6,2023-04-13 08:04:00,yes,photo,2023,April,Thursday,8,Travon.Waters,13:26:00,no,14,no,19,35,19,34,6,76,1.0,69,0.4545454545454545,0.4415584415584415,0.8961038961038961
20,http://emmet.com,6,2023-04-13 08:04:00,no,photo,2023,April,Thursday,8,Travon.Waters,13:26:00,no,14,no,20,35,20,26,6,76,0.0,61,0.4545454545454545,0.3376623376623376,0.7922077922077922
21,https://lisa.com,6,2023-04-13 08:04:00,no,video,2023,April,Thursday,8,Travon.Waters,13:26:00,no,14,no,21,36,21,29,6,76,4.0,65,0.4675324675324675,0.3766233766233766,0.8441558441558441
22,https://brooklyn.name,8,2023-04-13 08:04:00,no,video,2023,April,Thursday,8,Tabitha_Schamberger11,02:19:00,yes,12,no,22,28,22,34,8,76,3.0,62,0.3636363636363636,0.4415584415584415,0.8051948051948052
23,http://madison.net,8,2023-04-13 08:04:00,yes,video,2023,April,Thursday,8,Tabitha_Schamberger11,02:19:00,yes,12,no,23,38,23,26,8,76,4.0,64,0.4935064935064935,0.3376623376623376,0.8311688311688312
24,http://annie.name,8,2023-04-13 08:04:00,yes,video,2023,April,Thursday,8,Tabitha_Schamberger11,02:19:00,yes,12,no,24,35,24,26,8,76,3.0,61,0.4545454545454545,0.3376623376623376,0.7922077922077922
25,http://darron.info,8,2023-04-13 08:04:00,yes,video,2023,April,Thursday,8,Tabitha_Schamberger11,02:19:00,yes,12,no,25,36,25,33,8,76,3.0,69,0.4675324675324675,0.4285714285714285,0.8961038961038961
26,http://saige.com,9,2023-04-13 08:04:00,yes,video,2023,April,Thursday,8,Gus93,19:36:00,yes,45,no,26,30,26,33,9,76,5.0,63,0.3896103896103896,0.4285714285714285,0.8181818181818182
27,https://reece.net,9,2023-04-13 08:04:00,no,carousel,2023,April,Thursday,8,Gus93,19:36:00,yes,45,no,27,31,27,27,9,76,0.0,58,0.4025974025974026,0.3506493506493506,0.7532467532467533
28,http://vance.org,9,2023-04-13 08:04:00,yes,carousel,2023,April,Thursday,8,Gus93,19:36:00,yes,45,no,28,36,28,30,9,76,2.0,66,0.4675324675324675,0.3896103896103896,0.8571428571428571
29,http://ignacio.net,9,2023-04-13 08:04:00,no,carousel,2023,April,Thursday,8,Gus93,19:36:00,yes,45,no,29,33,29,36,9,76,4.0,69,0.4285714285714285,0.4675324675324675,0.8961038961038961
30,http://kenny.com,10,2023-04-13 08:04:00,no,carousel,2023,April,Thursday,8,Presley_McClure,16:25:00,no,370,no,30,41,30,30,10,76,3.0,71,0.5324675324675324,0.3896103896103896,0.922077922077922
31,http://remington.name,10,2023-04-13 08:04:00,no,carousel,2023,April,Thursday,8,Presley_McClure,16:25:00,no,370,no,31,31,31,34,10,76,2.0,65,0.4025974025974026,0.4415584415584415,0.8441558441558441
32,http://kurtis.info,10,2023-04-13 08:04:00,yes,photo,2023,April,Thursday,8,Presley_McClure,16:25:00,no,370,no,32,33,32,26,10,76,5.0,59,0.4285714285714285,0.3376623376623376,0.7662337662337663
33,https://alisha.com,11,2023-04-13 08:04:00,yes,photo,2023,April,Thursday,8,Justina.Gaylord27,16:32:00,no,1293,no,33,29,33,33,11,76,0.0,62,0.3766233766233766,0.4285714285714285,0.8051948051948052
34,https://henderson.com,11,2023-04-13 08:04:00,yes,carousel,2023,April,Thursday,8,Justina.Gaylord27,16:32:00,no,1293,no,34,32,34,25,11,76,3.0,57,0.4155844155844156,0.3246753246753247,0.7402597402597403
35,http://bonnie.info,11,2023-04-13 08:04:00,yes,video,2023,April,Thursday,8,Justina.Gaylord27,16:32:00,no,1293,no,35,32,35,33,11,76,3.0,65,0.4155844155844156,0.4285714285714285,0.8441558441558441
36,http://kennith.net,11,2023-04-13 08:04:00,no,photo,2023,April,Thursday,8,Justina.Gaylord27,16:32:00,no,1293,no,36,35,36,29,11,76,3.0,64,0.4545454545454545,0.3766233766233766,0.8311688311688312
37,http://camille.name,11,2023-04-13 08:04:00,yes,photo,2023,April,Thursday,8,Justina.Gaylord27,16:32:00,no,1293,no,37,38,37,27,11,76,3.0,65,0.4935064935064935,0.3506493506493506,0.8441558441558441
38,http://alena.net,12,2023-04-13 08:04:00,no,photo,2023,April,Thursday,8,Dereck65,01:34:00,yes,11,no,38,31,38,29,12,76,2.0,60,0.4025974025974026,0.3766233766233766,0.7792207792207793
39,http://ralph.name,12,2023-04-13 08:04:00,no,carousel,2023,April,Thursday,8,Dereck65,01:34:00,yes,11,no,39,34,39,29,12,76,0.0,63,0.4415584415584415,0.3766233766233766,0.8181818181818182
40,https://tyshawn.com,12,2023-04-13 08:04:00,no,video,2023,April,Thursday,8,Dereck65,01:34:00,yes,11,no,40,37,40,28,12,76,0.0,65,0.4805194805194805,0.3636363636363636,0.8441558441558441
41,https://adella.net,12,2023-04-13 08:04:00,yes,photo,2023,April,Thursday,8,Dereck65,01:34:00,yes,11,no,41,38,41,31,12,76,0.0,69,0.4935064935064935,0.4025974025974026,0.8961038961038961
42,https://cielo.info,13,2023-04-13 08:04:00,yes,photo,2023,April,Thursday,8,Alexandro35,17:09:00,yes,7,no,42,37,42,30,13,76,0.0,67,0.4805194805194805,0.3896103896103896,0.8701298701298701
43,https://easter.net,13,2023-04-13 08:04:00,yes,photo,2023,April,Thursday,8,Alexandro35,17:09:00,yes,7,no,43,37,43,31,13,76,3.0,68,0.4805194805194805,0.4025974025974026,0.8831168831168831
44,http://golden.org,13,2023-04-13 08:04:00,yes,carousel,2023,April,Thursday,8,Alexandro35,17:09:00,yes,7,no,44,39,44,26,13,76,2.0,65,0.5064935064935064,0.3376623376623376,0.8441558441558441
45,http://kendall.biz,13,2023-04-13 08:04:00,no,video,2023,April,Thursday,8,Alexandro35,17:09:00,yes,7,no,45,34,45,29,13,76,2.0,63,0.4415584415584415,0.3766233766233766,0.8181818181818182
46,https://glenda.info,13,2023-04-13 08:04:00,yes,photo,2023,April,Thursday,8,Alexandro35,17:09:00,yes,7,no,46,34,46,32,13,76,0.0,66,0.4415584415584415,0.4155844155844156,0.8571428571428571
47,http://dominic.biz,15,2023-04-13 08:04:00,no,photo,2023,April,Thursday,8,Billy52,14:10:00,no,1,no,47,30,47,24,15,76,1.0,54,0.3896103896103896,0.3116883116883117,0.7012987012987013
48,http://tressie.info,15,2023-04-13 08:04:00,no,photo,2023,April,Thursday,8,Billy52,14:10:00,no,1,no,48,35,48,28,15,76,0.0,63,0.4545454545454545,0.3636363636363636,0.8181818181818182
49,http://estevan.org,15,2023-04-13 08:04:00,no,carousel,2023,April,Thursday,8,Billy52,14:10:00,no,1,no,49,37,49,29,15,76,2.0,66,0.4805194805194805,0.3766233766233766,0.8571428571428571
50,http://zena.com,15,2023-04-13 08:04:00,yes,video,2023,April,Thursday,8,Billy52,14:10:00,no,1,no,50,27,50,34,15,76,1.0,61,0.3506493506493506,0.4415584415584415,0.7922077922077922
51,https://abagail.com,16,2023-04-13 08:04:00,yes,photo,2023,April,Thursday,8,Annalise.McKenzie16,21:32:00,yes,3,no,51,29,51,31,16,76,3.0,60,0.3766233766233766,0.4025974025974026,0.7792207792207793
52,https://hershel.com,16,2023-04-13 08:04:00,yes,photo,2023,April,Thursday,8,Annalise.McKenzie16,21:32:00,yes,3,no,52,41,52,30,16,76,0.0,71,0.5324675324675324,0.3896103896103896,0.922077922077922
53,http://collin.com,16,2023-04-13 08:04:00,yes,photo,2023,April,Thursday,8,Annalise.McKenzie16,21:32:00,yes,3,no,53,36,53,33,16,76,1.0,69,0.4675324675324675,0.4285714285714285,0.8961038961038961
54,https://clair.com,16,2023-04-13 08:04:00,no,carousel,2023,April,Thursday,8,Annalise.McKenzie16,21:32:00,yes,3,no,54,31,54,32,16,76,0.0,63,0.4025974025974026,0.4155844155844156,0.8181818181818182
55,https://deondre.com,17,2023-04-13 08:04:00,yes,video,2023,April,Thursday,8,Norbert_Carroll35,22:05:00,yes,14,yes,55,35,55,27,17,76,1.0,62,0.4545454545454545,0.3506493506493506,0.8051948051948052
56,http://tristin.name,17,2023-04-13 08:04:00,no,photo,2023,April,Thursday,8,Norbert_Carroll35,22:05:00,yes,14,yes,56,36,56,31,17,76,1.0,67,0.4675324675324675,0.4025974025974026,0.8701298701298701
57,http://kirk.org,17,2023-04-13 08:04:00,no,photo,2023,April,Thursday,8,Norbert_Carroll35,22:05:00,yes,14,yes,57,37,57,25,17,76,5.0,62,0.4805194805194805,0.3246753246753247,0.8051948051948052
58,https://modesta.info,18,2023-04-13 08:04:00,no,photo,2023,April,Thursday,8,Odessa2,18:16:00,no,244,no,58,36,58,31,18,76,1.0,67,0.4675324675324675,0.4025974025974026,0.8701298701298701
59,http://rylan.biz,19,2023-04-13 08:04:00,yes,carousel,2023,April,Thursday,8,Hailee26,18:53:00,no,12,no,59,37,59,25,19,76,4.0,62,0.4805194805194805,0.3246753246753247,0.8051948051948052
60,https://noemie.com,19,2023-04-13 08:04:00,yes,video,2023,April,Thursday,8,Hailee26,18:53:00,no,12,no,60,32,60,31,19,76,3.0,63,0.4155844155844156,0.4025974025974026,0.8181818181818182
61,https://dejon.name,20,2023-04-13 08:04:00,yes,photo,2023,April,Thursday,8,Delpha.Kihn,02:42:00,yes,45,no,61,41,61,24,20,76,2.0,65,0.5324675324675324,0.3116883116883117,0.8441558441558441
62,https://rigoberto.net,22,2023-04-13 08:04:00,yes,photo,2023,April,Thursday,8,Kenneth64,09:48:00,no,1293,no,62,39,62,31,22,76,1.0,70,0.5064935064935064,0.4025974025974026,0.9090909090909092
63,http://megane.biz,23,2023-04-13 08:04:00,no,photo,2023,April,Thursday,8,Eveline95,23:14:00,no,2400,no,63,38,63,27,23,77,1.0,65,0.4871794871794871,0.3461538461538461,0.8333333333333334
64,http://emmalee.org,23,2023-04-13 08:04:00,yes,carousel,2023,April,Thursday,8,Eveline95,23:14:00,no,2400,no,64,34,64,30,23,77,4.0,64,0.4358974358974359,0.3846153846153846,0.8205128205128205
65,http://nathan.net,23,2023-04-13 08:04:00,no,video,2023,April,Thursday,8,Eveline95,23:14:00,no,2400,no,65,33,65,24,23,77,2.0,57,0.4230769230769231,0.3076923076923077,0.7307692307692307
66,http://lionel.net,23,2023-04-13 08:04:00,no,photo,2023,April,Thursday,8,Eveline95,23:14:00,no,2400,no,66,39,66,28,23,77,2.0,67,0.5,0.358974358974359,0.8589743589743589
67,http://danyka.net,23,2023-04-13 08:04:00,no,photo,2023,April,Thursday,8,Eveline95,23:14:00,no,2400,no,67,35,67,29,23,77,0.0,64,0.4487179487179487,0.3717948717948718,0.8205128205128205
68,https://woodrow.com,23,2023-04-13 08:04:00,yes,photo,2023,April,Thursday,8,Eveline95,23:14:00,no,2400,no,68,34,68,30,23,77,2.0,64,0.4358974358974359,0.3846153846153846,0.8205128205128205
69,http://harvey.info,23,2023-04-13 08:04:00,yes,carousel,2023,April,Thursday,8,Eveline95,23:14:00,no,2400,no,69,38,69,24,23,77,0.0,62,0.4871794871794871,0.3076923076923077,0.7948717948717948
70,http://aiden.org,23,2023-04-13 08:04:00,yes,video,2023,April,Thursday,8,Eveline95,23:14:00,no,2400,no,70,34,70,26,23,77,3.0,60,0.4358974358974359,0.3333333333333333,0.7692307692307693
71,https://tito.name,23,2023-04-13 08:04:00,yes,photo,2023,April,Thursday,8,Eveline95,23:14:00,no,2400,no,71,37,71,26,23,77,3.0,63,0.4743589743589743,0.3333333333333333,0.8076923076923077
72,https://julian.net,23,2023-04-13 08:04:00,no,photo,2023,April,Thursday,8,Eveline95,23:14:00,no,2400,no,72,33,72,29,23,77,3.0,62,0.4230769230769231,0.3717948717948718,0.7948717948717948
73,https://mafalda.org,23,2023-04-13 08:04:00,yes,photo,2023,April,Thursday,8,Eveline95,23:14:00,no,2400,no,73,31,73,29,23,77,2.0,60,0.3974358974358974,0.3717948717948718,0.7692307692307693
74,http://verner.org,23,2023-04-13 08:04:00,no,carousel,2023,April,Thursday,8,Eveline95,23:14:00,no,2400,no,74,34,74,27,23,77,2.0,61,0.4358974358974359,0.3461538461538461,0.782051282051282
75,https://elmore.org,26,2023-04-13 08:04:00,no,video,2023,April,Thursday,8,Josianne.Friesen,12:47:00,no,56,no,75,33,75,31,26,76,3.0,64,0.4285714285714285,0.4025974025974026,0.8311688311688312
76,http://kasandra.com,26,2023-04-13 08:04:00,no,photo,2023,April,Thursday,8,Josianne.Friesen,12:47:00,no,56,no,76,32,76,28,26,76,2.0,60,0.4155844155844156,0.3636363636363636,0.7792207792207793
77,https://jarret.info,26,2023-04-13 08:04:00,yes,photo,2023,April,Thursday,8,Josianne.Friesen,12:47:00,no,56,no,77,35,77,28,26,76,0.0,63,0.4545454545454545,0.3636363636363636,0.8181818181818182
78,http://einar.net,26,2023-04-13 08:04:00,yes,photo,2023,April,Thursday,8,Josianne.Friesen,12:47:00,no,56,no,78,34,78,28,26,76,3.0,62,0.4415584415584415,0.3636363636363636,0.8051948051948052
79,http://terry.info,26,2023-04-13 08:04:00,yes,carousel,2023,April,Thursday,8,Josianne.Friesen,12:47:00,no,56,no,79,34,79,26,26,76,3.0,60,0.4415584415584415,0.3376623376623376,0.7792207792207793
80,https://holden.com,27,2023-04-13 08:04:00,yes,video,2023,April,Thursday,8,Darwin29,03:10:00,no,78,yes,80,35,80,29,27,76,0.0,64,0.4545454545454545,0.3766233766233766,0.8311688311688312
81,https://jacinto.org,28,2023-04-13 08:04:00,no,photo,2023,April,Thursday,8,Dario77,07:15:00,yes,2,yes,81,38,81,26,28,76,0.0,64,0.4935064935064935,0.3376623376623376,0.8311688311688312
82,https://geoffrey.info,28,2023-04-13 08:04:00,yes,photo,2023,April,Thursday,8,Dario77,07:15:00,yes,2,yes,82,35,82,27,28,76,0.0,62,0.4545454545454545,0.3506493506493506,0.8051948051948052
83,http://paxton.com,28,2023-04-13 08:04:00,no,photo,2023,April,Thursday,8,Dario77,07:15:00,yes,2,yes,83,31,83,30,28,76,2.0,61,0.4025974025974026,0.3896103896103896,0.7922077922077922
84,https://trinity.biz,28,2023-04-13 08:04:00,no,carousel,2023,April,Thursday,8,Dario77,07:15:00,yes,2,yes,84,35,84,30,28,76,3.0,65,0.4545454545454545,0.3896103896103896,0.8441558441558441
85,http://fabiola.org,29,2023-04-13 08:04:00,no,video,2023,April,Thursday,8,Jaime53,18:51:00,yes,1,no,85,36,85,26,29,77,3.0,62,0.4615384615384615,0.3333333333333333,0.7948717948717948
86,https://bryce.org,29,2023-04-13 08:04:00,yes,photo,2023,April,Thursday,8,Jaime53,18:51:00,yes,1,no,86,34,86,28,29,77,1.0,62,0.4358974358974359,0.358974358974359,0.7948717948717948
87,http://emery.net,29,2023-04-13 08:04:00,yes,photo,2023,April,Thursday,8,Jaime53,18:51:00,yes,1,no,87,37,87,25,29,77,3.0,62,0.4743589743589743,0.3205128205128205,0.7948717948717948
88,https://marian.biz,29,2023-04-13 08:04:00,yes,photo,2023,April,Thursday,8,Jaime53,18:51:00,yes,1,no,88,33,88,32,29,77,2.0,65,0.4230769230769231,0.4102564102564102,0.8333333333333334
89,https://kennedi.org,29,2023-04-13 08:04:00,yes,carousel,2023,April,Thursday,8,Jaime53,18:51:00,yes,1,no,89,32,89,32,29,77,0.0,64,0.4102564102564102,0.4102564102564102,0.8205128205128205
90,https://fanny.net,29,2023-04-13 08:04:00,no,video,2023,April,Thursday,8,Jaime53,18:51:00,yes,1,no,90,36,90,32,29,77,2.0,68,0.4615384615384615,0.4102564102564102,0.8717948717948718
91,http://lottie.net,29,2023-04-13 08:04:00,yes,photo,2023,April,Thursday,8,Jaime53,18:51:00,yes,1,no,91,34,91,28,29,77,3.0,62,0.4358974358974359,0.358974358974359,0.7948717948717948
92,http://lacy.biz,29,2023-04-13 08:04:00,no,photo,2023,April,Thursday,8,Jaime53,18:51:00,yes,1,no,92,29,92,26,29,77,1.0,55,0.3717948717948718,0.3333333333333333,0.7051282051282052
93,https://jensen.name,30,2023-04-13 08:04:00,no,photo,2023,April,Thursday,8,Kaley9,21:24:00,no,0,no,93,31,93,29,30,76,4.0,60,0.4025974025974026,0.3766233766233766,0.7792207792207793
94,http://virginia.org,30,2023-04-13 08:04:00,no,carousel,2023,April,Thursday,8,Kaley9,21:24:00,no,0,no,94,34,94,30,30,76,5.0,64,0.4415584415584415,0.3896103896103896,0.8311688311688312
95,https://ariel.net,31,2023-04-13 08:04:00,yes,video,2023,April,Thursday,8,Aiyana_Hoeger,20:28:00,no,12,no,95,28,95,35,31,76,5.0,63,0.3636363636363636,0.4545454545454545,0.8181818181818182
96,http://roger.info,32,2023-04-13 08:04:00,yes,photo,2023,April,Thursday,8,Irwin.Larson,19:36:00,yes,45,no,96,32,96,26,32,76,2.0,58,0.4155844155844156,0.3376623376623376,0.7532467532467533
97,https://carolanne.com,32,2023-04-13 08:04:00,yes,photo,2023,April,Thursday,8,Irwin.Larson,19:36:00,yes,45,no,97,40,97,32,32,76,3.0,72,0.5194805194805194,0.4155844155844156,0.935064935064935
98,https://margarita.info,32,2023-04-13 08:04:00,yes,photo,2023,April,Thursday,8,Irwin.Larson,19:36:00,yes,45,no,98,34,98,28,32,76,4.0,62,0.4415584415584415,0.3636363636363636,0.8051948051948052
99,https://kayden.biz,32,2023-04-13 08:04:00,no,carousel,2023,April,Thursday,8,Irwin.Larson,19:36:00,yes,45,no,99,34,99,32,32,76,0.0,66,0.4415584415584415,0.4155844155844156,0.8571428571428571
100,https://brook.com,33,2023-04-13 08:04:00,yes,video,2023,April,Thursday,8,Yvette.Gottlieb91,12:32:00,yes,370,no,100,39,100,27,33,76,1.0,66,0.5064935064935064,0.3506493506493506,0.8571428571428571
101,https://gust.net,33,2023-04-13 08:04:00,no,photo,2023,April,Thursday,8,Yvette.Gottlieb91,12:32:00,yes,370,no,101,36,101,23,33,76,2.0,59,0.4675324675324675,0.2987012987012987,0.7662337662337663
102,http://bridie.name,33,2023-04-13 08:04:00,no,photo,2023,April,Thursday,8,Yvette.Gottlieb91,12:32:00,yes,370,no,102,34,102,27,33,76,3.0,61,0.4415584415584415,0.3506493506493506,0.7922077922077922
103,http://barton.name,33,2023-04-13 08:04:00,no,photo,2023,April,Thursday,8,Yvette.Gottlieb91,12:32:00,yes,370,no,103,35,103,30,33,76,1.0,65,0.4545454545454545,0.3896103896103896,0.8441558441558441
104,https://karina.biz,33,2023-04-13 08:04:00,yes,carousel,2023,April,Thursday,8,Yvette.Gottlieb91,12:32:00,yes,370,no,104,31,104,34,33,76,0.0,65,0.4025974025974026,0.4415584415584415,0.8441558441558441
105,https://mariam.com,35,2023-04-13 08:04:00,yes,video,2023,April,Thursday,8,Lennie_Hartmann40,03:25:00,no,2400,no,105,33,105,29,35,76,0.0,62,0.4285714285714285,0.3766233766233766,0.8051948051948052
106,https://trycia.com,35,2023-04-13 08:04:00,yes,photo,2023,April,Thursday,8,Lennie_Hartmann40,03:25:00,no,2400,no,106,36,106,24,35,76,0.0,60,0.4675324675324675,0.3116883116883117,0.7792207792207793
107,https://everette.biz,37,2023-04-13 08:04:00,yes,photo,2023,April,Thursday,8,Yazmin_Mills95,00:56:00,yes,59,no,107,39,107,26,37,76,3.0,65,0.5064935064935064,0.3376623376623376,0.8441558441558441
108,http://boris.biz,38,2023-04-13 08:04:00,no,photo,2023,April,Thursday,8,Jordyn.Jacobson2,07:56:00,no,56,no,108,29,108,32,38,76,1.0,61,0.3766233766233766,0.4155844155844156,0.7922077922077922
109,http://arthur.name,38,2023-04-13 08:04:00,yes,carousel,2023,April,Thursday,8,Jordyn.Jacobson2,07:56:00,no,56,no,109,33,109,28,38,76,3.0,61,0.4285714285714285,0.3636363636363636,0.7922077922077922
110,https://cesar.com,39,2023-04-13 08:04:00,no,video,2023,April,Thursday,8,Kelsi26,17:48:00,no,78,no,110,39,110,27,39,76,1.0,66,0.5064935064935064,0.3506493506493506,0.8571428571428571
111,http://charlie.com,40,2023-04-13 08:04:00,no,photo,2023,April,Thursday,8,Rafael.Hickle2,09:51:00,yes,2,no,111,33,111,26,40,76,4.0,59,0.4285714285714285,0.3376623376623376,0.7662337662337663
112,https://lina.biz,42,2023-04-13 08:04:00,no,photo,2023,April,Thursday,8,Maya.Farrell,18:04:00,no,0,no,112,35,112,31,42,76,3.0,66,0.4545454545454545,0.4025974025974026,0.8571428571428571
113,https://darwin.net,42,2023-04-13 08:04:00,yes,photo,2023,April,Thursday,8,Maya.Farrell,18:04:00,no,0,no,113,36,113,30,42,76,0.0,66,0.4675324675324675,0.3896103896103896,0.8571428571428571
114,https://aliyah.biz,42,2023-04-13 08:04:00,yes,carousel,2023,April,Thursday,8,Maya.Farrell,18:04:00,no,0,no,114,32,114,26,42,76,0.0,58,0.4155844155844156,0.3376623376623376,0.7532467532467533
115,http://euna.info,43,2023-04-13 08:04:00,yes,video,2023,April,Thursday,8,Janet.Armstrong,07:57:00,no,11,yes,115,31,115,31,43,76,0.0,62,0.4025974025974026,0.4025974025974026,0.8051948051948052
116,https://maymie.net,43,2023-04-13 08:04:00,yes,photo,2023,April,Thursday,8,Janet.Armstrong,07:57:00,no,11,yes,116,36,116,33,43,76,1.0,69,0.4675324675324675,0.4285714285714285,0.8961038961038961
117,http://joanie.name,43,2023-04-13 08:04:00,no,photo,2023,April,Thursday,8,Janet.Armstrong,07:57:00,no,11,yes,117,35,117,27,43,76,1.0,62,0.4545454545454545,0.3506493506493506,0.8051948051948052
118,http://whitney.net,43,2023-04-13 08:04:00,yes,photo,2023,April,Thursday,8,Janet.Armstrong,07:57:00,no,11,yes,118,39,118,35,43,76,3.0,74,0.5064935064935064,0.4545454545454545,0.961038961038961
119,http://garrison.name,43,2023-04-13 08:04:00,no,carousel,2023,April,Thursday,8,Janet.Armstrong,07:57:00,no,11,yes,119,39,119,28,43,76,0.0,67,0.5064935064935064,0.3636363636363636,0.8701298701298701
120,https://olga.org,44,2023-04-13 08:04:00,no,video,2023,April,Thursday,8,Seth46,11:40:00,yes,7,no,120,37,120,29,44,76,3.0,66,0.4805194805194805,0.3766233766233766,0.8571428571428571
121,https://donavon.org,44,2023-04-13 08:04:00,no,photo,2023,April,Thursday,8,Seth46,11:40:00,yes,7,no,121,34,121,31,44,76,4.0,65,0.4415584415584415,0.4025974025974026,0.8441558441558441
122,http://moses.biz,44,2023-04-13 08:04:00,yes,photo,2023,April,Thursday,8,Seth46,11:40:00,yes,7,no,122,33,122,27,44,76,1.0,60,0.4285714285714285,0.3506493506493506,0.7792207792207793
123,http://shannon.org,44,2023-04-13 08:04:00,yes,photo,2023,April,Thursday,8,Seth46,11:40:00,yes,7,no,123,42,123,31,44,76,3.0,73,0.5454545454545454,0.4025974025974026,0.948051948051948
124,http://kendrick.net,46,2023-04-13 08:04:00,yes,carousel,2023,April,Thursday,8,Malinda_Streich,21:37:00,no,1,no,124,34,124,33,46,76,3.0,67,0.4415584415584415,0.4285714285714285,0.8701298701298701
125,https://carey.com,46,2023-04-13 08:04:00,yes,video,2023,April,Thursday,8,Malinda_Streich,21:37:00,no,1,no,125,33,125,27,46,76,2.0,60,0.4285714285714285,0.3506493506493506,0.7792207792207793
126,http://lia.biz,46,2023-04-13 08:04:00,no,photo,2023,April,Thursday,8,Malinda_Streich,21:37:00,no,1,no,126,35,126,31,46,76,3.0,66,0.4545454545454545,0.4025974025974026,0.8571428571428571
127,https://celestine.name,46,2023-04-13 08:04:00,yes,photo,2023,April,Thursday,8,Malinda_Streich,21:37:00,no,1,no,127,43,127,30,46,76,1.0,73,0.5584415584415584,0.3896103896103896,0.948051948051948
128,http://laila.info,47,2023-04-13 08:04:00,no,photo,2023,April,Thursday,8,Harrison.Beatty50,03:48:00,no,3,no,128,34,128,32,47,76,0.0,66,0.4415584415584415,0.4155844155844156,0.8571428571428571
129,http://buddy.com,47,2023-04-13 08:04:00,no,carousel,2023,April,Thursday,8,Harrison.Beatty50,03:48:00,no,3,no,129,29,129,23,47,76,0.0,52,0.3766233766233766,0.2987012987012987,0.6753246753246753
130,http://americo.biz,47,2023-04-13 08:04:00,no,video,2023,April,Thursday,8,Harrison.Beatty50,03:48:00,no,3,no,130,29,130,35,47,76,0.0,64,0.3766233766233766,0.4545454545454545,0.8311688311688312
131,http://lurline.info,47,2023-04-13 08:04:00,yes,photo,2023,April,Thursday,8,Harrison.Beatty50,03:48:00,no,3,no,131,29,131,26,47,76,1.0,55,0.3766233766233766,0.3376623376623376,0.7142857142857143
132,http://kailee.org,47,2023-04-13 08:04:00,yes,photo,2023,April,Thursday,8,Harrison.Beatty50,03:48:00,no,3,no,132,30,132,30,47,76,5.0,60,0.3896103896103896,0.3896103896103896,0.7792207792207793
133,https://edyth.com,48,2023-04-13 08:04:00,yes,photo,2023,April,Thursday,8,Granville_Kutch,03:10:00,yes,14,no,133,37,133,34,48,76,4.0,71,0.4805194805194805,0.4415584415584415,0.922077922077922
134,https://isaias.biz,50,2023-04-13 08:04:00,yes,carousel,2023,April,Thursday,8,Gerard79,19:47:00,no,12,no,134,34,134,24,50,76,4.0,58,0.4415584415584415,0.3116883116883117,0.7532467532467533
135,http://rosetta.net,50,2023-04-13 08:04:00,no,video,2023,April,Thursday,8,Gerard79,19:47:00,no,12,no,135,29,135,30,50,76,1.0,59,0.3766233766233766,0.3896103896103896,0.7662337662337663
136,https://marianna.info,50,2023-04-13 08:04:00,yes,photo,2023,April,Thursday,8,Gerard79,19:47:00,no,12,no,136,35,136,34,50,76,5.0,69,0.4545454545454545,0.4415584415584415,0.8961038961038961
137,https://roel.org,51,2023-04-13 08:04:00,no,photo,2023,April,Thursday,8,Mariano_Koch3,14:14:00,no,45,no,137,35,137,29,51,77,4.0,64,0.4487179487179487,0.3717948717948718,0.8205128205128205
138,http://julia.info,51,2023-04-13 08:04:00,no,photo,2023,April,Thursday,8,Mariano_Koch3,14:14:00,no,45,no,138,34,138,28,51,77,3.0,62,0.4358974358974359,0.358974358974359,0.7948717948717948
139,https://seamus.org,51,2023-04-13 08:04:00,no,carousel,2023,April,Thursday,8,Mariano_Koch3,14:14:00,no,45,no,139,27,139,26,51,77,1.0,53,0.3461538461538461,0.3333333333333333,0.6794871794871795
140,https://earline.info,51,2023-04-13 08:04:00,yes,video,2023,April,Thursday,8,Mariano_Koch3,14:14:00,no,45,no,140,33,140,31,51,77,2.0,64,0.4230769230769231,0.3974358974358974,0.8205128205128205
141,http://quinten.info,51,2023-04-13 08:04:00,yes,photo,2023,April,Thursday,8,Mariano_Koch3,14:14:00,no,45,no,141,34,141,28,51,77,1.0,62,0.4358974358974359,0.358974358974359,0.7948717948717948
142,https://dolores.org,52,2023-04-13 08:04:00,yes,photo,2023,April,Thursday,8,Zack_Kemmer93,05:58:00,yes,370,no,142,32,142,28,52,76,2.0,60,0.4155844155844156,0.3636363636363636,0.7792207792207793
143,https://aimee.info,52,2023-04-13 08:04:00,yes,photo,2023,April,Thursday,8,Zack_Kemmer93,05:58:00,yes,370,no,143,30,143,36,52,76,0.0,66,0.3896103896103896,0.4675324675324675,0.8571428571428571
144,https://roderick.name,52,2023-04-13 08:04:00,no,carousel,2023,April,Thursday,8,Zack_Kemmer93,05:58:00,yes,370,no,144,39,144,23,52,76,0.0,62,0.5064935064935064,0.2987012987012987,0.8051948051948052
145,https://jarret.name,52,2023-04-13 08:04:00,yes,video,2023,April,Thursday,8,Zack_Kemmer93,05:58:00,yes,370,no,145,48,145,27,52,76,5.0,75,0.6233766233766234,0.3506493506493506,0.974025974025974
146,https://cathrine.com,52,2023-04-13 08:04:00,no,photo,2023,April,Thursday,8,Zack_Kemmer93,05:58:00,yes,370,no,146,33,146,37,52,76,0.0,70,0.4285714285714285,0.4805194805194805,0.9090909090909092
147,https://adela.com,55,2023-04-13 08:04:00,no,photo,2023,April,Thursday,8,Meggie_Doyle,12:17:00,no,7,no,147,41,147,34,55,76,1.0,75,0.5324675324675324,0.4415584415584415,0.974025974025974
148,https://demarco.com,56,2023-04-13 08:04:00,no,photo,2023,April,Thursday,8,Peter.Stehr0,18:05:00,yes,2,no,148,33,148,28,56,76,1.0,61,0.4285714285714285,0.3636363636363636,0.7922077922077922
149,https://lila.biz,58,2023-04-13 08:04:00,yes,carousel,2023,April,Thursday,8,Aurelie71,06:20:00,no,3,no,149,34,149,32,58,77,4.0,66,0.4358974358974359,0.4102564102564102,0.8461538461538461
150,http://ruben.net,58,2023-04-13 08:04:00,yes,video,2023,April,Thursday,8,Aurelie71,06:20:00,no,3,no,150,38,150,27,58,77,0.0,65,0.4871794871794871,0.3461538461538461,0.8333333333333334
151,https://alia.name,58,2023-04-13 08:04:00,yes,photo,2023,April,Thursday,8,Aurelie71,06:20:00,no,3,no,151,32,151,30,58,77,0.0,62,0.4102564102564102,0.3846153846153846,0.7948717948717948
152,http://rickey.name,58,2023-04-13 08:04:00,yes,photo,2023,April,Thursday,8,Aurelie71,06:20:00,no,3,no,152,33,152,29,58,77,4.0,62,0.4230769230769231,0.3717948717948718,0.7948717948717948
153,http://janie.com,58,2023-04-13 08:04:00,no,photo,2023,April,Thursday,8,Aurelie71,06:20:00,no,3,no,153,40,153,32,58,77,4.0,72,0.5128205128205128,0.4102564102564102,0.9230769230769232
154,http://myron.org,58,2023-04-13 08:04:00,yes,carousel,2023,April,Thursday,8,Aurelie71,06:20:00,no,3,no,154,34,154,34,58,77,1.0,68,0.4358974358974359,0.4358974358974359,0.8717948717948718
155,http://pearl.info,58,2023-04-13 08:04:00,no,video,2023,April,Thursday,8,Aurelie71,06:20:00,no,3,no,155,38,155,27,58,77,5.0,65,0.4871794871794871,0.3461538461538461,0.8333333333333334
156,http://victoria.biz,58,2023-04-13 08:04:00,no,photo,2023,April,Thursday,8,Aurelie71,06:20:00,no,3,no,156,31,156,31,58,77,2.0,62,0.3974358974358974,0.3974358974358974,0.7948717948717948
157,https://carmella.com,59,2023-04-13 08:04:00,no,photo,2023,April,Thursday,8,Cesar93,16:42:00,no,14,no,157,33,157,39,59,77,4.0,72,0.4230769230769231,0.5,0.9230769230769232
158,http://leo.com,59,2023-04-13 08:04:00,yes,photo,2023,April,Thursday,8,Cesar93,16:42:00,no,14,no,158,35,158,32,59,77,1.0,67,0.4487179487179487,0.4102564102564102,0.8589743589743589
159,http://jedediah.net,59,2023-04-13 08:04:00,yes,carousel,2023,April,Thursday,8,Cesar93,16:42:00,no,14,no,159,31,159,27,59,77,1.0,58,0.3974358974358974,0.3461538461538461,0.7435897435897436
160,http://sedrick.net,59,2023-04-13 08:04:00,yes,video,2023,April,Thursday,8,Cesar93,16:42:00,no,14,no,160,31,160,31,59,77,1.0,62,0.3974358974358974,0.3974358974358974,0.7948717948717948
161,https://clare.org,59,2023-04-13 08:04:00,yes,photo,2023,April,Thursday,8,Cesar93,16:42:00,no,14,no,161,40,161,31,59,77,1.0,71,0.5128205128205128,0.3974358974358974,0.9102564102564102
162,https://malcolm.name,59,2023-04-13 08:04:00,no,photo,2023,April,Thursday,8,Cesar93,16:42:00,no,14,no,162,38,162,28,59,77,3.0,66,0.4871794871794871,0.358974358974359,0.8461538461538461
163,https://lesly.com,59,2023-04-13 08:04:00,yes,photo,2023,April,Thursday,8,Cesar93,16:42:00,no,14,no,163,33,163,33,59,77,3.0,66,0.4230769230769231,0.4230769230769231,0.8461538461538461
164,https://roberta.net,59,2023-04-13 08:04:00,no,carousel,2023,April,Thursday,8,Cesar93,16:42:00,no,14,no,164,32,164,31,59,77,0.0,63,0.4102564102564102,0.3974358974358974,0.8076923076923077
165,https://estell.info,59,2023-04-13 08:04:00,no,video,2023,April,Thursday,8,Cesar93,16:42:00,no,14,no,165,29,165,26,59,77,0.0,55,0.3717948717948718,0.3333333333333333,0.7051282051282052
166,http://kaleigh.biz,59,2023-04-13 08:04:00,no,photo,2023,April,Thursday,8,Cesar93,16:42:00,no,14,no,166,36,166,30,59,77,2.0,66,0.4615384615384615,0.3846153846153846,0.8461538461538461
167,http://blanca.org,60,2023-04-13 08:04:00,yes,photo,2023,April,Thursday,8,Sam52,22:03:00,yes,244,no,167,31,167,29,60,76,0.0,60,0.4025974025974026,0.3766233766233766,0.7792207792207793
168,http://delpha.com,60,2023-04-13 08:04:00,yes,photo,2023,April,Thursday,8,Sam52,22:03:00,yes,244,no,168,32,168,29,60,76,2.0,61,0.4155844155844156,0.3766233766233766,0.7922077922077922
169,http://annabelle.org,61,2023-04-13 08:04:00,yes,carousel,2023,April,Thursday,8,Jayson65,19:10:00,yes,12,no,169,38,169,28,61,76,1.0,66,0.4935064935064935,0.3636363636363636,0.8571428571428571
170,http://ephraim.com,62,2023-04-13 08:04:00,yes,video,2023,April,Thursday,8,Ressie_Stanton46,15:09:00,no,45,no,170,34,170,28,62,76,0.0,62,0.4415584415584415,0.3636363636363636,0.8051948051948052
171,https://dameon.name,62,2023-04-13 08:04:00,no,photo,2023,April,Thursday,8,Ressie_Stanton46,15:09:00,no,45,no,171,36,171,34,62,76,5.0,70,0.4675324675324675,0.4415584415584415,0.9090909090909092
172,https://julianne.org,63,2023-04-13 08:04:00,yes,photo,2023,April,Thursday,8,Elenor88,01:30:00,no,370,no,172,32,172,29,63,76,3.0,61,0.4155844155844156,0.3766233766233766,0.7922077922077922
173,https://jasmin.biz,63,2023-04-13 08:04:00,no,photo,2023,April,Thursday,8,Elenor88,01:30:00,no,370,no,173,34,173,29,63,76,3.0,63,0.4415584415584415,0.3766233766233766,0.8181818181818182
174,https://delbert.net,63,2023-04-13 08:04:00,no,carousel,2023,April,Thursday,8,Elenor88,01:30:00,no,370,no,174,41,174,30,63,76,1.0,71,0.5324675324675324,0.3896103896103896,0.922077922077922
175,https://norval.com,63,2023-04-13 08:04:00,no,video,2023,April,Thursday,8,Elenor88,01:30:00,no,370,no,175,28,175,35,63,76,2.0,63,0.3636363636363636,0.4545454545454545,0.8181818181818182
176,https://jessy.name,64,2023-04-13 08:04:00,yes,photo,2023,April,Thursday,8,Florence99,23:08:00,yes,1293,yes,176,33,176,35,64,77,0.0,68,0.4230769230769231,0.4487179487179487,0.8717948717948718
177,https://nolan.name,64,2023-04-13 08:04:00,yes,photo,2023,April,Thursday,8,Florence99,23:08:00,yes,1293,yes,177,36,177,27,64,77,2.0,63,0.4615384615384615,0.3461538461538461,0.8076923076923077
178,http://devon.info,64,2023-04-13 08:04:00,yes,photo,2023,April,Thursday,8,Florence99,23:08:00,yes,1293,yes,178,37,178,33,64,77,1.0,70,0.4743589743589743,0.4230769230769231,0.8974358974358975
179,http://ora.net,64,2023-04-13 08:04:00,yes,carousel,2023,April,Thursday,8,Florence99,23:08:00,yes,1293,yes,179,30,179,21,64,77,0.0,51,0.3846153846153846,0.2692307692307692,0.6538461538461539
180,https://vivien.com,64,2023-04-13 08:04:00,no,video,2023,April,Thursday,8,Florence99,23:08:00,yes,1293,yes,180,39,180,29,64,77,0.0,68,0.5,0.3717948717948718,0.8717948717948718
181,https://hilda.info,65,2023-04-13 08:04:00,yes,photo,2023,April,Thursday,8,Adelle96,00:37:00,yes,2400,no,181,35,181,31,65,76,2.0,66,0.4545454545454545,0.4025974025974026,0.8571428571428571
182,https://dorcas.biz,65,2023-04-13 08:04:00,no,photo,2023,April,Thursday,8,Adelle96,00:37:00,yes,2400,no,182,43,182,28,65,76,4.0,71,0.5584415584415584,0.3636363636363636,0.922077922077922
183,http://hettie.net,65,2023-04-13 08:04:00,no,photo,2023,April,Thursday,8,Adelle96,00:37:00,yes,2400,no,183,38,183,30,65,76,1.0,68,0.4935064935064935,0.3896103896103896,0.8831168831168831
184,http://rico.biz,65,2023-04-13 08:04:00,no,carousel,2023,April,Thursday,8,Adelle96,00:37:00,yes,2400,no,184,30,184,24,65,76,3.0,54,0.3896103896103896,0.3116883116883117,0.7012987012987013
185,http://jody.biz,65,2023-04-13 08:04:00,yes,video,2023,April,Thursday,8,Adelle96,00:37:00,yes,2400,no,185,33,185,29,65,76,5.0,62,0.4285714285714285,0.3766233766233766,0.8051948051948052
186,http://sheila.com,67,2023-04-13 08:04:00,yes,photo,2023,April,Thursday,8,Emilio_Bernier52,13:04:00,no,59,no,186,36,186,27,67,76,0.0,63,0.4675324675324675,0.3506493506493506,0.8181818181818182
187,http://germaine.name,67,2023-04-13 08:04:00,yes,photo,2023,April,Thursday,8,Emilio_Bernier52,13:04:00,no,59,no,187,31,187,33,67,76,0.0,64,0.4025974025974026,0.4285714285714285,0.8311688311688312
188,https://mariane.org,67,2023-04-13 08:04:00,yes,photo,2023,April,Thursday,8,Emilio_Bernier52,13:04:00,no,59,no,188,30,188,27,67,76,3.0,57,0.3896103896103896,0.3506493506493506,0.7402597402597403
189,http://reva.com,69,2023-04-13 08:04:00,no,carousel,2023,April,Thursday,8,Karley_Bosco,23:38:00,yes,78,no,189,36,189,32,69,76,3.0,68,0.4675324675324675,0.4155844155844156,0.8831168831168831
190,https://llewellyn.info,70,2023-04-13 08:04:00,yes,video,2023,April,Thursday,8,Erick5,23:44:00,no,2,no,190,36,190,29,70,76,2.0,65,0.4675324675324675,0.3766233766233766,0.8441558441558441
191,http://ellen.info,72,2023-04-13 08:04:00,no,photo,2023,April,Thursday,8,Kathryn80,09:01:00,yes,12,no,191,31,191,30,72,76,2.0,61,0.4025974025974026,0.3896103896103896,0.7922077922077922
192,https://anahi.info,72,2023-04-13 08:04:00,no,photo,2023,April,Thursday,8,Kathryn80,09:01:00,yes,12,no,192,41,192,29,72,76,0.0,70,0.5324675324675324,0.3766233766233766,0.9090909090909092
193,https://javonte.org,72,2023-04-13 08:04:00,no,photo,2023,April,Thursday,8,Kathryn80,09:01:00,yes,12,no,193,30,193,26,72,76,0.0,56,0.3896103896103896,0.3376623376623376,0.7272727272727273
194,http://florine.org,72,2023-04-13 08:04:00,yes,carousel,2023,April,Thursday,8,Kathryn80,09:01:00,yes,12,no,194,29,194,30,72,76,1.0,59,0.3766233766233766,0.3896103896103896,0.7662337662337663
195,http://marcellus.info,72,2023-04-13 08:04:00,yes,video,2023,April,Thursday,8,Kathryn80,09:01:00,yes,12,no,195,26,195,33,72,76,0.0,59,0.3376623376623376,0.4285714285714285,0.7662337662337663
196,http://stan.biz,73,2023-04-13 08:04:00,yes,photo,2023,April,Thursday,8,Jaylan.Lakin,23:58:00,yes,3,no,196,38,196,35,73,76,0.0,73,0.4935064935064935,0.4545454545454545,0.948051948051948
197,http://jarred.net,77,2023-04-13 08:04:00,yes,photo,2023,April,Thursday,8,Donald.Fritsch,10:05:00,yes,2,no,197,38,197,24,77,77,4.0,62,0.4871794871794871,0.3076923076923077,0.7948717948717948
198,http://jovanny.net,77,2023-04-13 08:04:00,no,photo,2023,April,Thursday,8,Donald.Fritsch,10:05:00,yes,2,no,198,37,198,32,77,77,0.0,69,0.4743589743589743,0.4102564102564102,0.8846153846153846
199,http://linnie.com,77,2023-04-13 08:04:00,yes,carousel,2023,April,Thursday,8,Donald.Fritsch,10:05:00,yes,2,no,199,39,199,23,77,77,2.0,62,0.5,0.2948717948717949,0.7948717948717948
200,http://dino.name,77,2023-04-13 08:04:00,no,video,2023,April,Thursday,8,Donald.Fritsch,10:05:00,yes,2,no,200,34,200,35,77,77,0.0,69,0.4358974358974359,0.4487179487179487,0.8846153846153846
201,https://jane.net,77,2023-04-13 08:04:00,no,photo,2023,April,Thursday,8,Donald.Fritsch,10:05:00,yes,2,no,201,39,201,33,77,77,5.0,72,0.5,0.4230769230769231,0.9230769230769232
202,http://laney.name,77,2023-04-13 08:04:00,no,photo,2023,April,Thursday,8,Donald.Fritsch,10:05:00,yes,2,no,202,31,202,27,77,77,4.0,58,0.3974358974358974,0.3461538461538461,0.7435897435897436
203,http://trever.org,78,2023-04-13 08:04:00,yes,photo,2023,April,Thursday,8,Colten.Harris76,02:38:00,no,1,no,203,37,203,30,78,76,3.0,67,0.4805194805194805,0.3896103896103896,0.8701298701298701
204,http://emilie.net,78,2023-04-13 08:04:00,yes,carousel,2023,April,Thursday,8,Colten.Harris76,02:38:00,no,1,no,204,35,204,28,78,76,0.0,63,0.4545454545454545,0.3636363636363636,0.8181818181818182
205,http://ted.info,78,2023-04-13 08:04:00,yes,video,2023,April,Thursday,8,Colten.Harris76,02:38:00,no,1,no,205,39,205,24,78,76,3.0,63,0.5064935064935064,0.3116883116883117,0.8181818181818182
206,http://keshawn.org,78,2023-04-13 08:04:00,yes,photo,2023,April,Thursday,8,Colten.Harris76,02:38:00,no,1,no,206,35,206,32,78,76,1.0,67,0.4545454545454545,0.4155844155844156,0.8701298701298701
207,http://ole.info,78,2023-04-13 08:04:00,no,photo,2023,April,Thursday,8,Colten.Harris76,02:38:00,no,1,no,207,31,207,29,78,76,2.0,60,0.4025974025974026,0.3766233766233766,0.7792207792207793
208,https://ford.biz,79,2023-04-13 08:04:00,yes,photo,2023,April,Thursday,8,Katarina.Dibbert,13:14:00,no,0,no,208,29,208,30,79,76,2.0,59,0.3766233766233766,0.3896103896103896,0.7662337662337663
209,https://humberto.org,82,2023-04-13 08:04:00,no,carousel,2023,April,Thursday,8,Aracely.Johnston98,18:49:00,no,59,no,209,34,209,27,82,76,3.0,61,0.4415584415584415,0.3506493506493506,0.7922077922077922
210,http://penelope.info,82,2023-04-13 08:04:00,no,video,2023,April,Thursday,8,Aracely.Johnston98,18:49:00,no,59,no,210,38,210,34,82,76,2.0,72,0.4935064935064935,0.4415584415584415,0.935064935064935
211,https://dimitri.info,84,2023-04-13 08:04:00,no,photo,2023,April,Thursday,8,Alysa22,17:44:00,yes,78,no,211,36,211,24,84,76,2.0,60,0.4675324675324675,0.3116883116883117,0.7792207792207793
212,http://cynthia.info,84,2023-04-13 08:04:00,yes,photo,2023,April,Thursday,8,Alysa22,17:44:00,yes,78,no,212,37,212,31,84,76,4.0,68,0.4805194805194805,0.4025974025974026,0.8831168831168831
213,http://princess.org,85,2023-04-13 08:04:00,yes,photo,2023,April,Thursday,8,Milford_Gleichner42,07:50:00,yes,2,no,213,35,213,27,85,76,0.0,62,0.4545454545454545,0.3506493506493506,0.8051948051948052
214,https://ruthie.info,85,2023-04-13 08:04:00,yes,carousel,2023,April,Thursday,8,Milford_Gleichner42,07:50:00,yes,2,no,214,29,214,24,85,76,4.0,53,0.3766233766233766,0.3116883116883117,0.6883116883116883
215,https://evan.name,86,2023-04-13 08:04:00,yes,video,2023,April,Thursday,8,Delfina_VonRueden68,12:02:00,no,1,no,215,29,215,33,86,77,0.0,62,0.3717948717948718,0.4230769230769231,0.7948717948717948
216,http://deontae.org,86,2023-04-13 08:04:00,no,photo,2023,April,Thursday,8,Delfina_VonRueden68,12:02:00,no,1,no,216,30,216,33,86,77,2.0,63,0.3846153846153846,0.4230769230769231,0.8076923076923077
217,https://timmy.info,86,2023-04-13 08:04:00,yes,photo,2023,April,Thursday,8,Delfina_VonRueden68,12:02:00,no,1,no,217,34,217,34,86,77,0.0,68,0.4358974358974359,0.4358974358974359,0.8717948717948718
218,http://susie.info,86,2023-04-13 08:04:00,no,photo,2023,April,Thursday,8,Delfina_VonRueden68,12:02:00,no,1,no,218,32,218,30,86,77,2.0,62,0.4102564102564102,0.3846153846153846,0.7948717948717948
219,http://hollis.com,86,2023-04-13 08:04:00,no,carousel,2023,April,Thursday,8,Delfina_VonRueden68,12:02:00,no,1,no,219,32,219,31,86,77,5.0,63,0.4102564102564102,0.3974358974358974,0.8076923076923077
220,https://colt.org,86,2023-04-13 08:04:00,no,video,2023,April,Thursday,8,Delfina_VonRueden68,12:02:00,no,1,no,220,33,220,25,86,77,4.0,58,0.4230769230769231,0.3205128205128205,0.7435897435897436
221,http://lucio.org,86,2023-04-13 08:04:00,yes,photo,2023,April,Thursday,8,Delfina_VonRueden68,12:02:00,no,1,no,221,34,221,30,86,77,3.0,64,0.4358974358974359,0.3846153846153846,0.8205128205128205
222,http://germaine.org,86,2023-04-13 08:04:00,yes,photo,2023,April,Thursday,8,Delfina_VonRueden68,12:02:00,no,1,no,222,36,222,25,86,77,1.0,61,0.4615384615384615,0.3205128205128205,0.782051282051282
223,http://howard.net,86,2023-04-13 08:04:00,yes,photo,2023,April,Thursday,8,Delfina_VonRueden68,12:02:00,no,1,no,223,25,223,32,86,77,0.0,57,0.3205128205128205,0.4102564102564102,0.7307692307692307
224,http://helena.name,87,2023-04-13 08:04:00,yes,carousel,2023,April,Thursday,8,Rick29,11:25:00,no,12,no,224,31,224,29,87,76,0.0,60,0.4025974025974026,0.3766233766233766,0.7792207792207793
225,https://celestino.name,87,2023-04-13 08:04:00,no,video,2023,April,Thursday,8,Rick29,11:25:00,no,12,no,225,37,225,36,87,76,1.0,73,0.4805194805194805,0.4675324675324675,0.948051948051948
226,http://violet.info,87,2023-04-13 08:04:00,yes,photo,2023,April,Thursday,8,Rick29,11:25:00,no,12,no,226,33,226,32,87,76,4.0,65,0.4285714285714285,0.4155844155844156,0.8441558441558441
227,http://nigel.biz,87,2023-04-13 08:04:00,no,photo,2023,April,Thursday,8,Rick29,11:25:00,no,12,no,227,39,227,35,87,76,5.0,74,0.5064935064935064,0.4545454545454545,0.961038961038961
228,https://noble.net,88,2023-04-13 08:04:00,no,photo,2023,April,Thursday,8,Clint27,21:40:00,yes,3,yes,228,31,228,26,88,77,1.0,57,0.3974358974358974,0.3333333333333333,0.7307692307692307
229,https://emilia.org,88,2023-04-13 08:04:00,no,carousel,2023,April,Thursday,8,Clint27,21:40:00,yes,3,yes,229,32,229,29,88,77,0.0,61,0.4102564102564102,0.3717948717948718,0.782051282051282
230,http://destini.net,88,2023-04-13 08:04:00,yes,video,2023,April,Thursday,8,Clint27,21:40:00,yes,3,yes,230,37,230,22,88,77,5.0,59,0.4743589743589743,0.282051282051282,0.7564102564102564
231,https://mariano.net,88,2023-04-13 08:04:00,yes,photo,2023,April,Thursday,8,Clint27,21:40:00,yes,3,yes,231,34,231,26,88,77,3.0,60,0.4358974358974359,0.3333333333333333,0.7692307692307693
232,https://brittany.org,88,2023-04-13 08:04:00,yes,photo,2023,April,Thursday,8,Clint27,21:40:00,yes,3,yes,232,35,232,30,88,77,5.0,65,0.4487179487179487,0.3846153846153846,0.8333333333333334
233,https://madaline.name,88,2023-04-13 08:04:00,yes,photo,2023,April,Thursday,8,Clint27,21:40:00,yes,3,yes,233,34,233,29,88,77,4.0,63,0.4358974358974359,0.3717948717948718,0.8076923076923077
234,https://devonte.name,88,2023-04-13 08:04:00,no,carousel,2023,April,Thursday,8,Clint27,21:40:00,yes,3,yes,234,35,234,32,88,77,0.0,67,0.4487179487179487,0.4102564102564102,0.8589743589743589
235,https://blanche.net,88,2023-04-13 08:04:00,yes,video,2023,April,Thursday,8,Clint27,21:40:00,yes,3,yes,235,34,235,26,88,77,1.0,60,0.4358974358974359,0.3333333333333333,0.7692307692307693
236,http://cali.net,88,2023-04-13 08:04:00,no,photo,2023,April,Thursday,8,Clint27,21:40:00,yes,3,yes,236,30,236,26,88,77,0.0,56,0.3846153846153846,0.3333333333333333,0.717948717948718
237,http://mekhi.name,88,2023-04-13 08:04:00,no,photo,2023,April,Thursday,8,Clint27,21:40:00,yes,3,yes,237,32,237,23,88,77,2.0,55,0.4102564102564102,0.2948717948717949,0.7051282051282052
238,http://adela.com,88,2023-04-13 08:04:00,no,photo,2023,April,Thursday,8,Clint27,21:40:00,yes,3,yes,238,27,238,30,88,77,5.0,57,0.3461538461538461,0.3846153846153846,0.7307692307692307
239,https://devan.com,92,2023-04-13 08:04:00,yes,carousel,2023,April,Thursday,8,Frederik_Rice,21:56:00,yes,2,no,239,31,239,35,92,76,3.0,66,0.4025974025974026,0.4545454545454545,0.8571428571428571
240,https://jarrett.name,92,2023-04-13 08:04:00,yes,video,2023,April,Thursday,8,Frederik_Rice,21:56:00,yes,2,no,240,30,240,28,92,76,2.0,58,0.3896103896103896,0.3636363636363636,0.7532467532467533
241,https://sid.biz,92,2023-04-13 08:04:00,yes,photo,2023,April,Thursday,8,Frederik_Rice,21:56:00,yes,2,no,241,37,241,29,92,76,0.0,66,0.4805194805194805,0.3766233766233766,0.8571428571428571
242,https://jadyn.name,93,2023-04-13 08:04:00,yes,photo,2023,April,Thursday,8,Willie_Leuschke,01:40:00,yes,1,no,242,33,242,28,93,76,4.0,61,0.4285714285714285,0.3636363636363636,0.7922077922077922
243,https://erik.com,93,2023-04-13 08:04:00,no,photo,2023,April,Thursday,8,Willie_Leuschke,01:40:00,yes,1,no,243,35,243,29,93,76,1.0,64,0.4545454545454545,0.3766233766233766,0.8311688311688312
244,http://freeda.biz,94,2023-04-13 08:04:00,yes,carousel,2023,April,Thursday,8,Damon35,14:44:00,no,0,yes,244,40,244,28,94,76,3.0,68,0.5194805194805194,0.3636363636363636,0.8831168831168831
245,http://ayden.name,95,2023-04-13 08:04:00,no,video,2023,April,Thursday,8,Nicole71,17:30:00,no,9,no,245,33,245,26,95,76,0.0,59,0.4285714285714285,0.3376623376623376,0.7662337662337663
246,https://kathleen.biz,95,2023-04-13 08:04:00,no,photo,2023,April,Thursday,8,Nicole71,17:30:00,no,9,no,246,31,246,29,95,76,0.0,60,0.4025974025974026,0.3766233766233766,0.7792207792207793
247,https://helmer.org,96,2023-04-13 08:04:00,no,photo,2023,April,Thursday,8,Keenan.Schamberger60,14:57:00,yes,687,no,247,28,247,39,96,76,2.0,67,0.3636363636363636,0.5064935064935064,0.8701298701298701
248,https://maggie.info,96,2023-04-13 08:04:00,yes,photo,2023,April,Thursday,8,Keenan.Schamberger60,14:57:00,yes,687,no,248,37,248,25,96,76,2.0,62,0.4805194805194805,0.3246753246753247,0.8051948051948052
249,https://cecilia.net,96,2023-04-13 08:04:00,yes,carousel,2023,April,Thursday,8,Keenan.Schamberger60,14:57:00,yes,687,no,249,34,249,34,96,76,2.0,68,0.4415584415584415,0.4415584415584415,0.8831168831168831
250,http://ayla.org,97,2023-04-13 08:04:00,yes,video,2023,April,Thursday,8,Tomas.Beatty93,11:38:00,yes,92,no,250,31,250,23,97,76,3.0,54,0.4025974025974026,0.2987012987012987,0.7012987012987013
251,https://elyssa.biz,97,2023-04-13 08:04:00,yes,photo,2023,April,Thursday,8,Tomas.Beatty93,11:38:00,yes,92,no,251,28,251,24,97,76,1.0,52,0.3636363636363636,0.3116883116883117,0.6753246753246753
252,http://jennie.com,98,2023-04-13 08:04:00,no,photo,2023,April,Thursday,8,Imani_Nicolas17,22:59:00,no,123,no,252,34,252,24,98,76,0.0,58,0.4415584415584415,0.3116883116883117,0.7532467532467533
253,http://ryleigh.info,99,2023-04-13 08:04:00,yes,photo,2023,April,Thursday,8,Alek_Watsica,07:43:00,no,232,no,253,32,253,26,99,76,1.0,58,0.4155844155844156,0.3376623376623376,0.7532467532467533
254,https://darien.name,99,2023-04-13 08:04:00,no,carousel,2023,April,Thursday,8,Alek_Watsica,07:43:00,no,232,no,254,31,254,26,99,76,4.0,57,0.4025974025974026,0.3376623376623376,0.7402597402597403
255,https://xzavier.org,99,2023-04-13 08:04:00,no,video,2023,April,Thursday,8,Alek_Watsica,07:43:00,no,232,no,255,33,255,29,99,76,0.0,62,0.4285714285714285,0.3766233766233766,0.8051948051948052
256,https://kaela.name,100,2023-04-13 08:04:00,no,photo,2023,April,Thursday,8,Javonte83,22:06:00,yes,32,yes,256,41,256,29,100,76,0.0,70,0.5324675324675324,0.3766233766233766,0.9090909090909092
257,http://dedrick.info,100,2023-04-13 08:04:00,yes,photo,2023,April,Thursday,8,Javonte83,22:06:00,yes,32,yes,257,36,257,24,100,76,3.0,60,0.4675324675324675,0.3116883116883117,0.7792207792207793
